City_ID,City,Country,Date,Lat,Lng,Max Temp,Humidity,Cloudiness,Current Weather,Rain(Inches),Snow(Inches),Wind Speed
0,New Norfolk,AU,2020-07-13 02:53:46,-42.78,147.06,52.0,82,0,clear sky,0.0,0,1.01
1,Arrecife,ES,2020-07-13 02:52:51,28.96,-13.55,69.8,83,1,clear sky,0.0,0,17.22
2,Pangai,TO,2020-07-13 02:53:46,-19.8,-174.35,75.2,78,75,broken clouds,0.0,0,18.34
3,Hobart,AU,2020-07-13 02:50:33,-42.88,147.33,52.0,66,75,broken clouds,0.0,0,5.82
4,Nikolskoye,RU,2020-07-13 02:53:46,59.7,30.79,57.0,87,1,fog,0.0,0,1.68
5,Bambous Virieux,MU,2020-07-13 02:53:46,-20.34,57.76,71.6,78,75,shower rain,0.0,0,18.34
6,Vaini,TO,2020-07-13 02:53:47,-21.2,-175.2,73.4,73,75,broken clouds,0.0,0,12.75
7,Pringsewu,ID,2020-07-13 02:53:47,-5.36,104.97,86.14,58,76,broken clouds,0.0,0,2.33
8,Cape Town,ZA,2020-07-13 02:53:31,-33.93,18.42,59.0,54,75,broken clouds,0.0,0,28.86
9,Maun,BW,2020-07-13 02:53:47,-19.98,23.42,46.4,33,0,clear sky,0.0,0,6.93
10,Khatanga,RU,2020-07-13 02:53:47,71.97,102.5,61.66,56,82,broken clouds,0.0,0,16.02
11,Rikitea,PF,2020-07-13 02:53:47,-23.12,-134.97,70.77,77,50,scattered clouds,0.0,0,12.86
12,Grindavik,IS,2020-07-13 02:53:47,63.84,-22.43,48.2,87,90,overcast clouds,0.0,0,5.82
13,Asau,RO,2020-07-13 02:53:47,46.43,26.4,55.4,76,85,overcast clouds,0.0,0,18.34
14,Belogorsk,RU,2020-07-13 02:53:47,50.92,128.46,85.32,54,1,clear sky,0.0,0,6.2
15,Beidao,CN,2020-07-13 02:53:47,34.57,105.89,79.95,49,100,overcast clouds,0.0,0,3.33
16,Arraial Do Cabo,BR,2020-07-13 02:53:47,-22.97,-42.03,71.91,79,64,broken clouds,0.0,0,11.65
17,Klaksvik,FO,2020-07-13 02:53:47,62.23,-6.59,50.0,100,100,light rain,0.0,0,21.92
18,Chokurdakh,RU,2020-07-13 02:53:47,70.63,147.92,74.71,39,26,scattered clouds,0.0,0,8.66
19,Kapaa,US,2020-07-13 02:53:48,22.08,-159.32,79.0,74,75,light rain,0.51,0,16.11
20,Caravelas,BR,2020-07-13 02:53:48,-17.71,-39.25,69.19,90,84,broken clouds,0.0,0,1.7
21,San Luis,AR,2020-07-13 02:53:48,-33.3,-66.34,45.12,60,100,overcast clouds,0.0,0,4.97
22,Vao,NC,2020-07-13 02:53:48,-22.67,167.48,72.32,78,98,overcast clouds,0.0,0,17.81
23,Salalah,OM,2020-07-13 02:53:48,17.02,54.09,80.6,100,90,drizzle,0.0,0,4.7
24,Touros,BR,2020-07-13 02:53:04,-5.2,-35.46,71.6,94,75,broken clouds,0.0,0,4.7
25,Busselton,AU,2020-07-13 02:53:48,-33.65,115.33,66.0,63,91,light rain,0.27,0,14.34
26,Labuhan,ID,2020-07-13 02:53:48,-6.88,112.21,83.16,67,74,broken clouds,0.0,0,5.86
27,Hirara,JP,2020-07-13 02:53:48,24.8,125.28,91.4,63,75,broken clouds,0.0,0,8.05
28,Saskylakh,RU,2020-07-13 02:53:48,71.92,114.08,65.05,52,91,overcast clouds,0.0,0,13.33
29,Namibe,AO,2020-07-13 02:53:48,-15.2,12.15,61.56,79,0,clear sky,0.0,0,8.37
30,Eureka,US,2020-07-13 02:53:48,40.8,-124.16,63.0,90,10,clear sky,0.0,0,5.99
31,Talnakh,RU,2020-07-13 02:53:49,69.49,88.4,57.2,62,100,overcast clouds,0.0,0,6.71
32,Nanortalik,GL,2020-07-13 02:53:49,60.14,-45.24,45.01,87,100,light rain,0.38,0,4.27
33,Castro,BR,2020-07-13 02:53:49,-24.79,-50.01,59.38,86,28,scattered clouds,0.0,0,4.07
34,Bassano,CA,2020-07-13 02:53:49,50.78,-112.47,53.01,80,10,moderate rain,1.99,0,3.0
35,Albany,US,2020-07-13 02:50:10,42.6,-73.97,77.0,90,79,broken clouds,0.0,0,4.34
36,Canutama,BR,2020-07-13 02:53:49,-6.53,-64.38,72.82,93,99,overcast clouds,0.0,0,1.74
37,Kavaratti,IN,2020-07-13 02:53:49,10.57,72.64,83.23,75,100,overcast clouds,0.0,0,11.12
38,Yellowknife,CA,2020-07-13 02:53:49,62.46,-114.35,68.0,60,75,broken clouds,0.0,0,5.82
39,Kaitangata,NZ,2020-07-13 02:53:49,-46.28,169.85,51.01,59,24,few clouds,0.0,0,5.99
40,Lebu,CL,2020-07-13 02:53:50,-37.62,-73.65,48.42,89,100,overcast clouds,0.0,0,6.71
41,Port Elizabeth,ZA,2020-07-13 02:53:50,-33.92,25.57,57.2,44,0,clear sky,0.0,0,9.17
42,Balkanabat,TM,2020-07-13 02:53:50,39.51,54.37,84.36,39,62,broken clouds,0.0,0,5.59
43,Severo-Kurilsk,RU,2020-07-13 02:53:50,50.68,156.12,51.49,86,96,overcast clouds,0.0,0,11.34
44,Punta Arenas,CL,2020-07-13 02:53:11,-53.15,-70.92,33.8,86,18,few clouds,0.0,0,20.8
45,Dutse,NG,2020-07-13 02:53:50,11.76,9.34,72.63,80,39,scattered clouds,0.0,0,10.0
46,Narasannapeta,IN,2020-07-13 02:53:50,18.42,84.05,83.59,77,100,overcast clouds,0.0,0,6.26
47,Fomboni,KM,2020-07-13 02:53:50,-12.28,43.74,78.51,72,0,light rain,0.12,0,16.44
48,Poum,NC,2020-07-13 02:53:50,-20.23,164.02,74.59,76,78,broken clouds,0.0,0,9.73
49,Ellensburg,US,2020-07-13 02:53:51,47.0,-120.55,68.0,37,0,clear sky,0.0,0,25.28
50,Butaritari,KI,2020-07-13 02:53:51,3.07,172.79,83.25,76,88,light rain,0.72,0,11.25
51,Barrow,US,2020-07-13 02:53:51,71.29,-156.79,37.4,92,90,overcast clouds,0.0,0,8.05
52,Bowen,AU,2020-07-13 02:53:51,-20.02,148.23,77.0,27,40,scattered clouds,0.0,0,14.99
53,Havre-Saint-Pierre,CA,2020-07-13 02:52:23,50.23,-63.6,69.8,94,75,broken clouds,0.0,0,3.36
54,Thompson,CA,2020-07-13 02:53:51,55.74,-97.86,71.6,60,75,broken clouds,0.0,0,3.36
55,Den Helder,NL,2020-07-13 02:53:51,52.96,4.76,51.01,100,40,scattered clouds,0.0,0,2.24
56,Bredasdorp,ZA,2020-07-13 02:53:51,-34.53,20.04,55.4,82,97,light rain,0.46,0,19.46
57,Gat,IL,2020-07-13 02:49:32,31.61,34.76,73.99,86,1,clear sky,0.0,0,5.84
58,Pantai Remis,MY,2020-07-13 02:53:52,4.46,100.63,75.2,94,40,light rain,0.0,0,3.36
59,Port Hedland,AU,2020-07-13 02:51:20,-20.32,118.57,78.8,12,19,few clouds,0.0,0,16.11
60,Jamestown,US,2020-07-13 02:52:16,42.1,-79.24,64.99,88,1,clear sky,0.0,0,4.7
61,Inongo,CD,2020-07-13 02:53:52,-1.95,18.27,67.77,94,90,moderate rain,2.74,0,1.36
62,Acajutla,SV,2020-07-13 02:53:52,13.59,-89.83,68.0,100,1,clear sky,0.0,0,3.85
63,Ushuaia,AR,2020-07-13 02:53:52,-54.8,-68.3,35.6,95,75,sleet,0.0,0,19.46
64,Olinda,BR,2020-07-13 02:53:52,-8.01,-34.86,78.8,69,40,scattered clouds,0.0,0,9.17
65,Port Hardy,CA,2020-07-13 02:53:52,50.7,-127.42,57.2,87,75,broken clouds,0.0,0,5.82
66,Ola,RU,2020-07-13 02:53:53,59.58,151.28,62.06,72,7,clear sky,0.0,0,9.08
67,Pisco,PE,2020-07-13 02:51:25,-13.7,-76.22,60.8,87,40,smoke,0.0,0,2.24
68,Mataura,NZ,2020-07-13 02:53:53,-46.19,168.86,44.82,84,82,broken clouds,0.0,0,4.41
69,Kodiak,US,2020-07-13 02:49:29,57.79,-152.41,53.6,81,90,overcast clouds,0.0,0,16.11
70,Pangnirtung,CA,2020-07-13 02:53:53,66.15,-65.71,46.31,68,22,few clouds,0.0,0,1.34
71,Aklavik,CA,2020-07-13 02:53:53,68.22,-135.01,59.0,58,90,overcast clouds,0.0,0,11.23
72,Tasiilaq,GL,2020-07-13 02:53:53,65.61,-37.64,35.6,93,51,broken clouds,0.0,0,4.7
73,Kamariotissa,GR,2020-07-13 02:53:53,40.48,25.47,71.6,60,1,clear sky,0.0,0,16.17
74,Zalantun,CN,2020-07-13 02:53:53,48.0,122.72,87.26,31,20,few clouds,0.0,0,4.52
75,Lagoa,PT,2020-07-13 02:53:53,39.05,-27.98,68.47,81,0,clear sky,0.0,0,15.3
76,Morwell,AU,2020-07-13 02:53:53,-38.23,146.4,55.99,85,86,light rain,0.36,0,8.01
77,Port Lincoln,AU,2020-07-13 02:53:54,-34.73,135.87,57.61,66,57,broken clouds,0.0,0,2.64
78,Paamiut,GL,2020-07-13 02:53:54,61.99,-49.67,45.27,81,100,overcast clouds,0.0,0,11.68
79,Miles City,US,2020-07-13 02:53:54,46.41,-105.84,84.2,28,1,clear sky,0.0,0,17.22
80,Apaseo El Alto,MX,2020-07-13 02:53:54,20.45,-100.62,73.4,38,75,broken clouds,0.0,0,11.41
81,Hithadhoo,MV,2020-07-13 02:53:54,-0.6,73.08,84.56,75,26,scattered clouds,0.0,0,10.04
82,Hermanus,ZA,2020-07-13 02:53:54,-34.42,19.23,57.0,71,91,light rain,0.68,0,11.99
83,Nishihara,JP,2020-07-13 02:53:54,26.18,127.76,89.6,70,40,scattered clouds,0.0,0,9.17
84,Longyearbyen,SJ,2020-07-13 02:53:54,78.22,15.64,44.6,87,75,broken clouds,0.0,0,3.36
85,Chuy,UY,2020-07-13 02:51:04,-33.7,-53.46,42.28,75,34,scattered clouds,0.0,0,9.42
86,Walvis Bay,NA,2020-07-13 02:53:54,-22.96,14.51,52.0,100,0,clear sky,0.0,0,1.12
87,Hamilton,US,2020-07-13 02:53:55,39.18,-84.53,69.01,88,1,clear sky,0.0,0,5.68
88,Tual,ID,2020-07-13 02:53:55,-5.67,132.75,79.07,80,65,broken clouds,0.0,0,22.77
89,Araouane,ML,2020-07-13 02:53:55,18.9,-3.53,94.35,25,21,light rain,0.13,0,3.94
90,Katsuura,JP,2020-07-13 02:53:55,35.13,140.3,75.99,69,99,overcast clouds,0.0,0,1.01
91,Berlevag,NO,2020-07-13 02:53:55,70.86,29.09,46.4,87,75,broken clouds,0.0,0,3.36
92,Doha,QA,2020-07-13 02:53:55,25.29,51.53,96.01,84,40,scattered clouds,0.0,0,1.12
93,Thinadhoo,MV,2020-07-13 02:53:55,0.53,72.93,84.78,71,61,broken clouds,0.0,0,7.61
94,Beringovskiy,RU,2020-07-13 02:53:55,63.05,179.32,51.1,85,100,overcast clouds,0.0,0,9.42
95,Lakes Entrance,AU,2020-07-13 02:53:56,-37.88,147.98,59.0,85,14,light rain,0.13,0,7.0
96,Kashi,CN,2020-07-13 02:53:56,39.45,75.98,71.6,37,20,dust,0.0,0,15.66
97,Calabozo,VE,2020-07-13 02:53:56,8.92,-67.43,74.12,96,19,few clouds,0.0,0,3.09
98,Petrolina De Goias,BR,2020-07-13 02:53:56,-16.09,-49.34,68.0,49,93,overcast clouds,0.0,0,6.93
99,Mangai,CD,2020-07-13 02:53:56,-4.05,19.53,71.71,92,93,overcast clouds,0.0,0,1.28
100,Sandpoint,US,2020-07-13 02:50:14,48.28,-116.55,71.01,28,40,scattered clouds,0.0,0,11.41
101,Hovd,MN,2020-07-13 02:52:54,48.01,91.64,66.34,47,100,overcast clouds,0.0,0,1.21
102,Tiksi,RU,2020-07-13 02:53:56,71.69,128.87,65.86,49,19,few clouds,0.0,0,6.53
103,Mahibadhoo,MV,2020-07-13 02:53:56,3.78,72.97,83.37,70,35,scattered clouds,0.0,0,3.6
104,Mawlaik,MM,2020-07-13 02:53:57,23.63,94.42,79.65,90,100,overcast clouds,0.0,0,2.57
105,Atuona,PF,2020-07-13 02:53:57,-9.8,-139.03,79.23,78,5,clear sky,0.0,0,17.22
106,Tigil,RU,2020-07-13 02:53:57,57.8,158.67,70.68,63,87,overcast clouds,0.0,0,7.52
107,Baruun-Urt,MN,2020-07-13 02:53:57,46.68,113.28,74.26,56,100,overcast clouds,0.0,0,7.81
108,Kangaatsiaq,GL,2020-07-13 02:53:57,68.31,-53.46,41.58,89,0,clear sky,0.0,0,10.56
109,Poretskoye,RU,2020-07-13 02:53:57,55.2,46.33,62.69,85,81,broken clouds,0.0,0,6.78
110,Solnechnyy,RU,2020-07-13 02:53:57,50.72,136.63,77.77,57,55,broken clouds,0.0,0,3.36
111,Larsnes,NO,2020-07-13 02:53:57,62.2,5.58,50.0,86,29,scattered clouds,0.0,0,1.99
112,Cockburn Town,TC,2020-07-13 02:51:38,21.46,-71.14,83.23,80,0,clear sky,0.0,0,15.28
113,Kismayo,SO,2020-07-13 02:53:58,-0.36,42.55,76.93,82,94,light rain,0.66,0,15.39
114,Kahului,US,2020-07-13 02:53:58,20.89,-156.47,87.8,48,40,scattered clouds,0.0,0,25.28
115,Hilo,US,2020-07-13 02:53:58,19.73,-155.09,82.4,58,75,broken clouds,0.0,0,8.05
116,Freetown,SL,2020-07-13 02:53:58,8.48,-13.23,74.73,91,100,light rain,0.3,0,8.86
117,Kirensk,RU,2020-07-13 02:53:58,57.79,108.11,79.68,45,77,broken clouds,0.0,0,6.29
118,Sorong,ID,2020-07-13 02:53:58,-0.88,131.25,82.09,77,20,light rain,0.19,0,5.23
119,Nam Som,TH,2020-07-13 02:53:58,17.77,102.19,86.0,94,75,broken clouds,0.0,0,4.7
120,Port Augusta,AU,2020-07-13 02:53:59,-32.5,137.77,53.6,87,90,overcast clouds,0.0,0,5.82
121,Darhan,MN,2020-07-13 02:53:59,49.49,105.92,73.42,56,1,clear sky,0.0,0,4.85
122,Kudahuvadhoo,MV,2020-07-13 02:53:59,2.67,72.89,83.64,71,61,broken clouds,0.0,0,6.11
123,Broken Hill,AU,2020-07-13 02:53:59,-31.95,141.43,53.6,71,40,scattered clouds,0.0,0,17.22
124,Saint-Joseph,RE,2020-07-13 02:53:59,-21.37,55.62,66.2,63,16,few clouds,0.0,0,5.82
125,Geraldton,AU,2020-07-13 02:53:59,-28.77,114.6,68.0,72,21,few clouds,0.0,0,11.41
126,Amalapuram,IN,2020-07-13 02:53:59,16.58,82.02,80.6,88,75,broken clouds,0.0,0,6.93
127,Carnarvon,AU,2020-07-13 02:49:57,-24.87,113.63,73.4,64,0,clear sky,0.0,0,6.93
128,Puerto Ayora,EC,2020-07-13 02:53:59,-0.74,-90.35,68.0,94,54,broken clouds,0.0,0,8.57
129,Castellammare Del Golfo,IT,2020-07-13 02:54:00,38.02,12.89,73.4,78,0,clear sky,0.0,0,5.82
130,Malibago,PH,2020-07-13 02:54:00,13.28,122.02,76.53,91,100,light rain,0.68,0,5.93
131,Iqaluit,CA,2020-07-13 02:54:00,63.75,-68.51,53.6,76,75,broken clouds,0.0,0,9.17
132,Narsaq,GL,2020-07-13 02:54:00,60.92,-46.05,51.8,76,100,light intensity shower rain,0.0,0,2.24
133,Codrington,AU,2020-07-13 02:54:00,-38.27,141.97,56.88,71,5,clear sky,0.0,0,7.7
134,Hasaki,JP,2020-07-13 02:54:00,35.73,140.83,73.0,88,75,broken clouds,0.0,0,4.7
135,Bosaso,SO,2020-07-13 02:51:37,11.28,49.18,89.8,45,77,broken clouds,0.0,0,21.39
136,Gap,FR,2020-07-13 02:54:00,44.67,6.0,57.99,83,5,light rain,0.19,0,5.01
137,Mitu,CO,2020-07-13 02:54:00,1.2,-70.17,71.04,96,36,scattered clouds,0.0,0,0.96
138,Agropoli,IT,2020-07-13 02:54:01,40.35,15.0,72.0,65,0,clear sky,0.0,0,3.0
139,Shahrud,IR,2020-07-13 02:54:01,36.42,54.98,72.82,42,96,overcast clouds,0.0,0,4.27
140,Visnes,NO,2020-07-13 02:54:01,59.36,5.22,53.6,93,94,overcast clouds,0.0,0,8.05
141,Saint-Philippe,RE,2020-07-13 02:54:01,-21.36,55.77,66.2,63,29,light rain,0.13,0,5.82
142,Tessalit,ML,2020-07-13 02:54:01,20.2,1.01,89.26,30,6,clear sky,0.0,0,7.45
143,Upernavik,GL,2020-07-13 02:54:01,72.79,-56.15,41.04,90,78,broken clouds,0.0,0,8.43
144,Fortuna,US,2020-07-13 02:54:01,40.6,-124.16,64.0,87,40,scattered clouds,0.0,0,13.87
145,Diego De Almagro,CL,2020-07-13 02:54:01,-26.37,-70.05,49.05,70,0,clear sky,0.0,0,1.79
146,Vallenar,CL,2020-07-13 02:54:01,-28.57,-70.76,60.73,57,0,clear sky,0.0,0,2.28
147,Cabo San Lucas,MX,2020-07-13 02:53:30,22.89,-109.91,89.6,46,20,few clouds,0.0,0,11.41
148,Bluff,NZ,2020-07-13 02:54:02,-46.6,168.33,48.33,75,94,overcast clouds,0.0,0,14.0
149,Sorland,NO,2020-07-13 02:54:02,67.67,12.69,51.46,80,0,clear sky,0.0,0,3.2
150,Lethem,GY,2020-07-13 02:54:02,3.38,-59.8,74.98,86,82,light rain,0.24,0,6.24
151,Half Moon Bay,US,2020-07-13 02:51:58,37.46,-122.43,73.4,82,1,haze,0.0,0,4.7
152,Verkhnevilyuysk,RU,2020-07-13 02:54:02,63.45,120.32,68.22,76,100,light rain,0.15,0,5.37
153,Havelock,US,2020-07-13 02:54:02,34.88,-76.9,82.99,78,40,scattered clouds,0.0,0,6.93
154,Fort Abbas,PK,2020-07-13 02:49:06,29.19,72.85,93.36,48,1,clear sky,0.0,0,15.55
155,Tromso,NO,2020-07-13 02:53:01,69.65,18.96,51.8,87,75,broken clouds,0.0,0,2.24
156,Port Alfred,ZA,2020-07-13 02:54:03,-33.59,26.89,62.24,30,0,clear sky,0.0,0,12.1
157,Lichuan,CN,2020-07-13 02:54:03,30.3,108.85,69.89,96,100,light rain,0.43,0,3.51
158,Lira,UG,2020-07-13 02:54:03,2.23,32.91,62.11,95,32,scattered clouds,0.0,0,3.18
159,Petropavlovsk-Kamchatskiy,RU,2020-07-13 02:54:00,53.05,158.65,66.2,68,94,overcast clouds,0.0,0,13.42
160,Georgetown,MY,2020-07-13 02:54:03,5.41,100.34,82.4,78,20,few clouds,0.0,0,10.29
161,San Quintin,MX,2020-07-13 02:54:03,30.48,-115.95,72.27,67,0,clear sky,0.0,0,8.01
162,Sidi Ali,DZ,2020-07-13 02:54:03,36.1,0.42,72.41,81,42,scattered clouds,0.0,0,3.6
163,Honiara,SB,2020-07-13 02:54:04,-9.43,159.95,86.0,79,75,broken clouds,0.0,0,9.17
164,Provideniya,RU,2020-07-13 02:54:04,64.38,-173.3,48.2,81,40,fog,0.0,0,15.66
165,Alice Springs,AU,2020-07-13 02:49:57,-23.7,133.88,57.2,44,0,clear sky,0.0,0,14.99
166,Esperance,AU,2020-07-13 02:54:04,-33.87,121.9,60.8,38,0,clear sky,0.0,0,20.8
167,Saint-Pierre,RE,2020-07-13 02:54:04,-21.34,55.48,66.2,63,5,clear sky,0.0,0,5.82
168,Mar Del Plata,AR,2020-07-13 02:54:04,-38.0,-57.56,41.0,65,0,clear sky,0.0,0,16.11
169,Luancheng,CN,2020-07-13 02:54:04,37.88,114.65,77.0,83,20,mist,0.0,0,2.24
170,Bontang,ID,2020-07-13 02:53:02,0.13,117.5,76.44,91,100,light rain,0.28,0,3.58
171,Kamenka,RU,2020-07-13 02:54:04,51.32,42.77,69.01,76,69,broken clouds,0.0,0,5.66
172,Chipping Sodbury,GB,2020-07-13 02:54:04,51.54,-2.39,57.99,83,17,few clouds,0.0,0,5.88
173,Hay River,CA,2020-07-13 02:54:04,60.82,-115.8,66.2,68,75,broken clouds,0.0,0,3.36
174,Sao Gabriel Da Cachoeira,BR,2020-07-13 02:53:05,-0.13,-67.09,72.18,96,13,few clouds,0.0,0,1.28
175,Chichawatni,PK,2020-07-13 02:54:05,30.53,72.7,96.53,44,0,clear sky,0.0,0,6.26
176,Manhattan,US,2020-07-13 02:52:54,40.78,-73.97,84.2,48,90,light rain,0.38,0,20.8
177,Dikson,RU,2020-07-13 02:54:05,73.51,80.55,40.42,98,100,overcast clouds,0.0,0,3.22
178,Yulara,AU,2020-07-13 02:54:05,-25.24,130.99,57.2,41,0,clear sky,0.0,0,17.22
179,Nogliki,RU,2020-07-13 02:54:05,51.83,143.17,57.15,83,96,overcast clouds,0.0,0,7.36
180,Udachnyy,RU,2020-07-13 02:54:05,66.42,112.4,68.0,45,1,clear sky,0.0,0,8.95
181,Flinders,AU,2020-07-13 02:54:05,-34.58,150.86,61.0,68,0,clear sky,0.0,0,5.01
182,Skjervoy,NO,2020-07-13 02:54:05,70.03,20.97,49.23,89,99,overcast clouds,0.0,0,3.87
183,Mareeba,AU,2020-07-13 02:54:05,-17.0,145.43,81.0,50,75,broken clouds,0.0,0,13.87
184,Meulaboh,ID,2020-07-13 02:54:06,4.14,96.13,82.78,67,100,overcast clouds,0.0,0,4.83
185,Sonderso,DK,2020-07-13 02:54:06,55.49,10.26,55.0,100,35,scattered clouds,0.0,0,4.7
186,Verkhnyaya Inta,RU,2020-07-13 02:54:06,65.98,60.31,50.86,89,100,overcast clouds,0.0,0,17.4
187,Mahebourg,MU,2020-07-13 02:54:06,-20.41,57.7,71.6,78,75,shower rain,0.0,0,18.34
188,Ancud,CL,2020-07-13 02:54:06,-41.87,-73.82,36.0,78,20,few clouds,0.0,0,4.7
189,Arlit,NE,2020-07-13 02:54:06,18.74,7.39,92.12,28,6,clear sky,0.0,0,12.5
190,Akyab,MM,2020-07-13 02:54:06,20.15,92.9,83.39,80,66,moderate rain,1.34,0,8.48
191,Seoul,KR,2020-07-13 02:54:06,37.57,126.98,68.0,93,90,mist,0.0,0,3.36
192,Maniitsoq,GL,2020-07-13 02:54:07,65.42,-52.9,47.46,73,100,overcast clouds,0.0,0,10.33
193,South Lake Tahoe,US,2020-07-13 02:54:07,38.93,-119.98,82.99,22,1,clear sky,0.0,0,8.05
194,Luderitz,NA,2020-07-13 02:54:07,-26.65,15.16,51.8,93,0,clear sky,0.0,0,4.7
195,Oktyabrskoye,RU,2020-07-13 02:54:07,43.06,44.74,68.4,62,46,scattered clouds,0.0,0,3.31
196,Broome,US,2020-07-13 02:54:07,42.25,-75.83,66.99,82,40,light rain,0.25,0,8.05
197,Mpwapwa,TZ,2020-07-13 02:54:07,-6.35,36.48,57.2,89,0,clear sky,0.0,0,4.14
198,Taoudenni,ML,2020-07-13 02:54:07,22.68,-3.98,94.37,31,1,clear sky,0.0,0,5.44
199,Rawson,AR,2020-07-13 02:54:07,-43.3,-65.1,38.53,72,0,clear sky,0.0,0,19.98
200,Fairbanks,US,2020-07-13 02:53:35,64.84,-147.72,71.6,40,40,scattered clouds,0.0,0,9.17
201,Ponta Do Sol,PT,2020-07-13 02:54:07,32.67,-17.1,68.0,75,0,clear sky,0.0,0,1.39
202,Torbay,CA,2020-07-13 02:54:08,47.67,-52.73,55.99,100,90,overcast clouds,0.0,0,26.4
203,Lasa,IT,2020-07-13 02:54:08,46.62,10.7,50.0,93,5,clear sky,0.0,0,3.36
204,El Tigre,VE,2020-07-13 02:52:15,8.89,-64.25,76.71,80,4,clear sky,0.0,0,7.25
205,Plettenberg Bay,ZA,2020-07-13 02:54:08,-34.05,23.37,59.81,35,0,clear sky,0.0,0,8.63
206,Bethel,US,2020-07-13 02:54:08,41.37,-73.41,77.0,64,40,scattered clouds,0.0,0,4.7
207,Martapura,ID,2020-07-13 02:54:08,-3.42,114.85,85.78,66,100,light rain,0.19,0,3.78
208,Kondoa,TZ,2020-07-13 02:54:08,-4.9,35.78,54.64,92,0,clear sky,0.0,0,2.91
209,Boa Vista,BR,2020-07-13 02:53:15,2.82,-60.67,77.0,88,40,scattered clouds,0.0,0,2.24
210,Karratha,AU,2020-07-13 02:54:08,-20.74,116.85,75.36,20,0,clear sky,0.0,0,18.19
211,Metro,ID,2020-07-13 02:54:08,-5.11,105.31,84.02,69,89,overcast clouds,0.0,0,4.79
212,Dabat,ET,2020-07-13 02:54:09,12.98,37.77,54.72,87,74,broken clouds,0.0,0,3.09
213,Demirci,TR,2020-07-13 02:54:09,39.05,28.66,58.6,77,0,clear sky,0.0,0,7.72
214,Sharjah,AE,2020-07-13 02:49:29,25.36,55.4,98.6,49,11,few clouds,0.0,0,3.36
215,Sagana,KE,2020-07-13 02:54:09,-0.67,37.2,61.74,85,91,overcast clouds,0.0,0,1.19
216,Harper,LR,2020-07-13 02:54:09,4.38,-7.72,75.18,78,88,overcast clouds,0.0,0,5.68
217,Armeria,MX,2020-07-13 02:54:09,18.93,-103.97,80.6,83,75,broken clouds,0.0,0,13.87
218,Omboue,GA,2020-07-13 02:54:09,-1.57,9.26,72.48,89,100,overcast clouds,0.0,0,7.72
219,Vostok,RU,2020-07-13 02:54:09,46.49,135.88,69.67,80,44,light rain,0.68,0,4.07
220,Bubaque,GW,2020-07-13 02:54:09,11.28,-15.83,77.85,88,100,moderate rain,2.13,0,12.39
221,Kirakira,SB,2020-07-13 02:54:09,-10.45,161.92,83.07,76,14,light rain,0.35,0,13.42
222,Zlobin,HR,2020-07-13 02:54:10,45.29,14.65,68.0,37,0,clear sky,0.0,0,5.82
223,Susanville,US,2020-07-13 02:54:10,40.42,-120.65,86.0,7,1,clear sky,0.0,0,16.11
224,Belyy Yar,RU,2020-07-13 02:54:10,53.6,91.39,66.2,72,95,overcast clouds,0.0,0,2.24
225,Ust-Tsilma,RU,2020-07-13 02:54:10,65.44,52.15,50.22,86,100,overcast clouds,0.0,0,7.47
226,Bugama,NG,2020-07-13 02:54:10,4.73,6.86,73.53,93,82,broken clouds,0.0,0,4.36
227,Port-Gentil,GA,2020-07-13 02:54:10,-0.72,8.78,73.83,90,99,overcast clouds,0.0,0,14.54
228,Aripuana,BR,2020-07-13 02:54:10,-9.17,-60.63,75.87,63,68,broken clouds,0.0,0,1.63
229,Vestmannaeyjar,IS,2020-07-13 02:54:10,63.44,-20.27,50.68,92,100,light rain,0.41,0,8.32
230,Tura,IN,2020-07-13 02:54:11,25.52,90.22,77.36,94,98,light rain,0.43,0,5.95
231,Warrnambool,AU,2020-07-13 02:51:14,-38.38,142.48,57.99,78,1,clear sky,0.0,0,1.01
232,Vila Velha,BR,2020-07-13 02:54:11,-20.33,-40.29,71.6,78,11,few clouds,0.0,0,8.05
233,Okhotsk,RU,2020-07-13 02:54:11,59.38,143.3,68.49,56,21,few clouds,0.0,0,11.41
234,Dingle,PH,2020-07-13 02:54:11,11.0,122.67,87.78,65,93,overcast clouds,0.0,0,5.59
235,Pescia,IT,2020-07-13 02:54:11,43.9,10.69,70.0,50,71,broken clouds,0.0,0,9.33
236,San Cristobal,VE,2020-07-13 02:54:11,7.77,-72.22,65.57,79,99,overcast clouds,0.0,0,2.3
237,Ribeira Grande,PT,2020-07-13 02:54:11,38.52,-28.7,68.65,80,8,clear sky,0.0,0,15.32
238,Kemin,KG,2020-07-13 02:54:11,42.78,75.69,72.07,34,0,clear sky,0.0,0,5.08
239,Faya,SA,2020-07-13 02:54:11,18.39,42.45,71.6,30,20,few clouds,0.0,0,5.82
240,San Andres,CO,2020-07-13 02:54:12,12.58,-81.7,82.4,78,20,few clouds,0.0,0,16.11
241,Sovetskaya,RU,2020-07-13 02:54:12,44.78,41.17,71.01,6,100,overcast clouds,0.0,0,8.01
242,Aberdeen,GB,2020-07-13 02:54:12,57.14,-2.1,55.4,93,99,light rain,0.0,0,6.93
243,Cidreira,BR,2020-07-13 02:54:12,-30.18,-50.21,54.0,90,15,few clouds,0.0,0,8.01
244,East London,ZA,2020-07-13 02:54:12,-33.02,27.91,64.15,28,0,clear sky,0.0,0,6.33
245,Tambilil,PH,2020-07-13 02:54:12,5.96,124.67,87.8,62,20,few clouds,0.0,0,6.93
246,Sale,MA,2020-07-13 02:54:12,34.04,-6.82,72.0,83,75,broken clouds,0.0,0,9.17
247,Piranhas,BR,2020-07-13 02:54:12,-16.43,-51.82,71.26,65,22,few clouds,0.0,0,0.67
248,Carquefou,FR,2020-07-13 02:54:12,47.3,-1.49,59.0,67,0,clear sky,0.0,0,5.82
249,Muzhi,RU,2020-07-13 02:54:13,65.37,64.67,61.2,75,43,scattered clouds,0.0,0,18.37
250,Matay,EG,2020-07-13 02:54:13,28.42,30.78,69.35,85,0,clear sky,0.0,0,11.63
251,Yining,CN,2020-07-13 02:54:13,29.04,114.56,90.75,60,99,light rain,0.16,0,5.17
252,Praia Da Vitoria,PT,2020-07-13 02:54:13,38.73,-27.07,66.2,93,10,clear sky,0.0,0,8.61
253,Saldanha,ZA,2020-07-13 02:54:13,-33.01,17.94,57.2,76,72,light rain,0.3,0,13.87
254,Ouadda,CF,2020-07-13 02:54:13,8.08,22.4,66.67,95,99,light rain,0.42,0,1.59
255,Sao Francisco,BR,2020-07-13 02:54:14,-15.95,-44.86,63.5,51,1,clear sky,0.0,0,2.77
256,Biltine,TD,2020-07-13 02:54:14,14.53,20.92,85.39,47,65,broken clouds,0.0,0,9.86
257,Saint George,US,2020-07-13 02:52:57,37.1,-113.58,107.6,10,1,clear sky,0.0,0,17.22
258,Salamiyah,SY,2020-07-13 02:54:14,35.01,37.05,68.86,82,0,clear sky,0.0,0,9.84
259,Ust-Ilimsk,RU,2020-07-13 02:54:14,58.0,102.66,75.79,38,7,clear sky,0.0,0,4.61
260,Fallon,US,2020-07-13 02:54:14,39.47,-118.78,96.8,8,1,clear sky,0.0,0,18.34
261,Qaanaaq,GL,2020-07-13 02:54:14,77.48,-69.36,42.62,69,98,overcast clouds,0.0,0,1.5
262,Margate,GB,2020-07-13 02:54:14,51.38,1.39,60.01,49,56,broken clouds,0.0,0,3.38
263,Tirat Karmel,IL,2020-07-13 02:54:14,32.76,34.97,79.0,83,9,clear sky,0.0,0,1.99
264,Ust-Ishim,RU,2020-07-13 02:54:15,57.69,71.17,71.02,64,43,scattered clouds,0.0,0,6.42
265,Novoseleznevo,RU,2020-07-13 02:54:15,55.68,69.21,71.67,68,6,clear sky,0.0,0,7.02
266,Dolores,AR,2020-07-13 02:54:15,-36.31,-57.68,38.44,72,6,clear sky,0.0,0,9.89
267,Leningradskiy,RU,2020-07-13 02:54:15,69.38,178.42,43.2,69,73,broken clouds,0.0,0,10.18
268,Comodoro Rivadavia,AR,2020-07-13 02:50:49,-45.87,-67.5,39.2,64,1,clear sky,0.0,0,10.29
269,Jacqueville,CI,2020-07-13 02:54:15,5.21,-4.41,75.2,94,20,few clouds,0.0,0,3.36
270,Raposa,BR,2020-07-13 02:54:15,-6.52,-44.18,73.09,63,43,scattered clouds,0.0,0,4.03
271,Makakilo City,US,2020-07-13 02:53:38,21.35,-158.09,86.0,51,40,scattered clouds,0.0,0,9.17
272,Bani Walid,LY,2020-07-13 02:54:15,31.76,13.99,66.69,79,0,clear sky,0.0,0,3.15
273,Henties Bay,NA,2020-07-13 02:54:15,-22.12,14.28,52.0,95,0,clear sky,0.0,0,1.01
274,Husavik,IS,2020-07-13 02:54:15,66.04,-17.34,50.0,93,40,light intensity drizzle,0.0,0,4.56
275,Tsiroanomandidy,MG,2020-07-13 02:54:16,-18.77,46.03,56.1,85,0,clear sky,0.0,0,2.44
276,Palana,RU,2020-07-13 02:54:16,59.12,159.97,57.0,87,81,broken clouds,0.0,0,6.58
277,Yarega,RU,2020-07-13 02:54:16,63.44,53.58,56.98,80,97,overcast clouds,0.0,0,8.25
278,Felipe Carrillo Puerto,MX,2020-07-13 02:54:16,19.58,-88.05,75.34,92,1,clear sky,0.0,0,2.86
279,Paka,MY,2020-07-13 02:54:16,4.64,103.44,77.0,94,40,light rain,0.0,0,2.24
280,Norman Wells,CA,2020-07-13 02:54:16,65.28,-126.83,68.0,60,75,broken clouds,0.0,0,5.82
281,Cherskiy,RU,2020-07-13 02:54:16,68.75,161.3,56.53,82,100,overcast clouds,0.0,0,2.46
282,Sitka,US,2020-07-13 02:54:16,57.05,-135.33,57.2,82,90,overcast clouds,0.0,0,3.36
283,Kavieng,PG,2020-07-13 02:54:16,-2.57,150.8,84.34,66,68,broken clouds,0.0,0,3.8
284,Garowe,SO,2020-07-13 02:54:16,8.41,48.48,76.77,68,75,broken clouds,0.0,0,26.11
285,Whitehorse,CA,2020-07-13 02:50:44,60.72,-135.05,68.0,32,75,shower rain,0.0,0,11.41
286,Baijiantan,CN,2020-07-13 02:54:17,45.63,85.18,81.88,25,0,clear sky,0.0,0,8.68
287,Barranca,PE,2020-07-13 02:54:17,-10.75,-77.77,59.29,90,6,clear sky,0.0,0,5.21
288,Krasnoselkup,RU,2020-07-13 02:54:17,65.7,82.47,63.3,56,100,overcast clouds,0.0,0,12.37
289,Sidney,AU,2020-07-13 02:53:11,-33.87,151.21,63.0,67,20,few clouds,0.0,0,5.82
290,Itaituba,BR,2020-07-13 02:54:17,-4.28,-55.98,74.08,85,2,clear sky,0.0,0,1.14
291,Arinos,BR,2020-07-13 02:54:17,-15.92,-46.11,61.7,52,19,few clouds,0.0,0,0.25
292,Marsh Harbour,BS,2020-07-13 02:54:17,26.54,-77.06,83.23,76,99,overcast clouds,0.0,0,16.8
293,Aginskoye,RU,2020-07-13 02:54:17,51.1,114.53,74.64,62,72,broken clouds,0.0,0,4.34
294,Fare,PF,2020-07-13 02:54:17,-16.7,-151.02,79.38,75,100,overcast clouds,0.0,0,15.05
295,Tuktoyaktuk,CA,2020-07-13 02:54:17,69.45,-133.04,59.0,62,75,broken clouds,0.0,0,13.87
296,Yerbogachen,RU,2020-07-13 02:54:18,61.28,108.01,73.0,51,5,clear sky,0.0,0,5.75
297,Skovorodino,RU,2020-07-13 02:54:18,53.98,123.92,97.11,28,51,broken clouds,0.0,0,2.53
298,Praia,CV,2020-07-13 02:54:18,14.92,-23.51,75.2,79,98,overcast clouds,0.0,0,4.9
299,Dalvik,IS,2020-07-13 02:54:18,65.97,-18.53,50.0,93,40,light intensity drizzle,0.0,0,3.74
300,Vatne,NO,2020-07-13 02:54:18,62.57,6.65,50.0,87,45,scattered clouds,0.0,0,5.82
301,Prieska,ZA,2020-07-13 02:54:18,-29.66,22.75,47.86,43,0,clear sky,0.0,0,13.0
302,Uchiza,PE,2020-07-13 02:54:18,-8.46,-76.46,70.65,82,63,light rain,0.14,0,1.63
303,Upata,VE,2020-07-13 02:54:18,8.01,-62.4,70.92,97,93,overcast clouds,0.0,0,3.29
304,Ahipara,NZ,2020-07-13 02:54:18,-35.17,173.17,60.64,80,51,light rain,0.13,0,11.27
305,Puerto Escondido,MX,2020-07-13 02:54:18,15.85,-97.07,80.24,78,88,overcast clouds,0.0,0,4.0
306,Tagusao,PH,2020-07-13 02:54:18,9.19,117.81,85.82,67,40,scattered clouds,0.0,0,3.11
307,Avarua,CK,2020-07-13 02:54:19,-21.21,-159.78,68.0,94,100,moderate rain,0.0,0,8.05
308,Rocha,UY,2020-07-13 02:54:19,-34.48,-54.33,42.39,65,31,scattered clouds,0.0,0,9.98
309,Isangel,VU,2020-07-13 02:54:19,-19.55,169.27,76.28,68,14,few clouds,0.0,0,12.03
310,Shelburne,CA,2020-07-13 02:54:19,44.08,-80.2,64.4,88,75,broken clouds,0.0,0,3.36
311,Gadsden,US,2020-07-13 02:54:19,34.01,-86.01,69.8,100,1,clear sky,0.0,0,4.12
312,Urusha,RU,2020-07-13 02:54:19,54.05,122.9,92.34,30,47,scattered clouds,0.0,0,4.18
313,Ikeda,JP,2020-07-13 02:54:19,34.82,135.43,68.0,94,75,light rain,0.0,0,4.7
314,Saquarema,BR,2020-07-13 02:54:19,-22.92,-42.51,75.2,73,88,overcast clouds,0.0,0,6.93
315,Viedma,AR,2020-07-13 02:51:22,-40.81,-63.0,40.41,66,1,clear sky,0.0,0,13.18
316,Innisfail,AU,2020-07-13 02:54:19,-17.53,146.03,73.29,49,30,scattered clouds,0.0,0,9.4
317,Lompoc,US,2020-07-13 02:54:19,34.64,-120.46,64.0,77,0,clear sky,0.0,0,12.75
318,Itarema,BR,2020-07-13 02:54:20,-2.92,-39.92,77.05,82,19,few clouds,0.0,0,13.85
319,Camopi,GF,2020-07-13 02:54:20,3.17,-52.32,71.19,97,13,few clouds,0.0,0,1.52
320,Pevek,RU,2020-07-13 02:54:20,69.7,170.31,50.94,64,50,scattered clouds,0.0,0,8.16
321,Teguldet,RU,2020-07-13 02:54:20,57.31,88.17,73.51,55,0,clear sky,0.0,0,5.19
322,Lebanon,US,2020-07-13 02:54:20,36.21,-86.29,73.4,94,1,clear sky,0.0,0,1.99
323,Tautira,PF,2020-07-13 02:54:20,-17.73,-149.15,80.6,61,75,broken clouds,0.0,0,8.05
324,Lazaro Cardenas,MX,2020-07-13 02:54:20,17.96,-102.2,80.42,82,100,overcast clouds,0.0,0,1.77
325,Kiunga,PG,2020-07-13 02:54:20,-6.12,141.29,78.67,95,89,moderate rain,1.95,0,3.4
326,Nizhniy Tsasuchey,RU,2020-07-13 02:54:20,50.52,115.13,77.79,57,65,broken clouds,0.0,0,8.14
327,College,US,2020-07-13 02:54:21,64.86,-147.8,71.6,28,90,overcast clouds,0.0,0,8.05
328,Shakiso,ET,2020-07-13 02:54:21,5.75,38.92,56.66,91,96,overcast clouds,0.0,0,1.83
329,Saint-Georges,GD,2020-07-13 02:54:21,12.06,-61.75,77.0,100,75,light rain,0.0,0,12.86
330,Laguna,US,2020-07-13 02:54:21,38.42,-121.42,93.99,29,0,clear sky,0.0,0,3.0
331,Linqing,CN,2020-07-13 02:54:21,36.85,115.71,83.03,50,0,clear sky,0.0,0,7.94
332,Sao Miguel Do Araguaia,BR,2020-07-13 02:54:21,-13.28,-50.16,71.91,54,9,clear sky,0.0,0,2.46
333,Jesup,US,2020-07-13 02:54:21,31.61,-81.89,82.4,61,1,clear sky,0.0,0,3.4
334,San Patricio,MX,2020-07-13 02:54:21,19.22,-104.7,80.6,83,75,broken clouds,0.0,0,13.87
335,Parabel,RU,2020-07-13 02:54:21,58.7,81.48,62.49,89,97,overcast clouds,0.0,0,8.39
336,Jiuquan,CN,2020-07-13 02:54:21,39.74,98.52,88.5,19,100,overcast clouds,0.0,0,11.23
337,Loandjili,CG,2020-07-13 02:54:21,-4.76,11.86,71.65,84,100,overcast clouds,0.0,0,7.38
338,Placido De Castro,BR,2020-07-13 02:54:22,-10.34,-67.19,74.88,78,0,clear sky,0.0,0,2.26
339,Fuerte Olimpo,PY,2020-07-13 02:54:22,-21.04,-57.87,80.11,56,88,overcast clouds,0.0,0,6.22
340,Balaguer,ES,2020-07-13 02:54:22,41.79,0.81,73.99,94,54,broken clouds,0.0,0,1.12
341,Floro,NO,2020-07-13 02:54:22,61.6,5.03,53.6,81,68,broken clouds,0.0,0,9.17
342,Miraflores,MX,2020-07-13 02:54:22,19.22,-98.81,60.8,77,90,overcast clouds,0.0,0,11.41
343,Souillac,MU,2020-07-13 02:54:22,-20.52,57.52,71.6,78,75,shower rain,0.0,0,18.34
344,Bougouni,ML,2020-07-13 02:54:22,11.42,-7.48,73.85,87,16,few clouds,0.0,0,4.43
345,La Palma,US,2020-07-13 02:53:07,33.85,-118.05,84.99,47,1,clear sky,0.0,0,13.87
346,Atbasar,KZ,2020-07-13 02:54:22,51.8,68.33,70.29,61,0,clear sky,0.0,0,6.8
347,Bilibino,RU,2020-07-13 02:54:22,68.05,166.44,60.4,80,100,light rain,0.53,0,1.43
348,Serenje,ZM,2020-07-13 02:54:23,-13.23,30.24,53.51,69,0,clear sky,0.0,0,10.54
349,Bengkulu,ID,2020-07-13 02:52:12,-3.8,102.27,82.45,72,79,broken clouds,0.0,0,0.96
350,Tuatapere,NZ,2020-07-13 02:54:23,-46.13,167.68,47.39,67,46,scattered clouds,0.0,0,3.53
351,Vardo,NO,2020-07-13 02:54:23,70.37,31.11,48.2,76,75,broken clouds,0.0,0,2.24
352,Hofn,IS,2020-07-13 02:54:23,64.25,-15.21,51.87,86,100,light rain,0.19,0,9.42
353,Sao Joao Da Barra,BR,2020-07-13 02:54:23,-21.64,-41.05,70.27,79,2,clear sky,0.0,0,10.94
354,Los Palacios,CU,2020-07-13 02:54:23,22.59,-83.25,77.0,85,94,overcast clouds,0.0,0,2.62
355,Nakhon Phanom,TH,2020-07-13 02:54:23,17.41,104.78,82.4,88,75,broken clouds,0.0,0,5.82
356,Melfi,IT,2020-07-13 02:54:23,41.0,15.65,69.8,68,5,clear sky,0.0,0,12.75
357,Nara,JP,2020-07-13 02:54:23,34.69,135.8,70.0,88,75,light rain,0.0,0,2.24
358,Kloulklubed,PW,2020-07-13 02:54:24,7.04,134.26,80.6,83,90,overcast clouds,0.0,0,5.82
359,Avera,US,2020-07-13 02:54:24,33.19,-82.53,82.4,74,1,clear sky,0.0,0,3.36
360,Coquimbo,CL,2020-07-13 02:54:24,-29.95,-71.34,53.6,87,51,broken clouds,0.0,0,4.7
361,Manokwari,ID,2020-07-13 02:54:24,-0.87,134.08,83.7,66,77,light rain,0.15,0,5.12
362,Hambantota,LK,2020-07-13 02:54:24,6.12,81.12,80.6,94,75,broken clouds,0.0,0,4.7
363,Bagdarin,RU,2020-07-13 02:54:24,54.43,113.6,74.57,52,47,scattered clouds,0.0,0,6.8
364,Fiumicino,IT,2020-07-13 02:54:24,41.77,12.23,73.99,53,69,broken clouds,0.0,0,8.05
365,Zhanaozen,KZ,2020-07-13 02:54:24,43.3,52.8,82.44,28,34,scattered clouds,0.0,0,3.89
366,San Antero,CO,2020-07-13 02:54:24,9.37,-75.76,79.03,84,100,overcast clouds,0.0,0,6.31
367,Garissa,KE,2020-07-13 02:54:06,-0.45,39.64,72.72,76,80,broken clouds,0.0,0,14.12
368,Lieksa,FI,2020-07-13 02:54:24,63.32,30.02,55.87,74,94,overcast clouds,0.0,0,5.32
369,Saurimo,AO,2020-07-13 02:54:25,-9.66,20.39,64.76,36,0,clear sky,0.0,0,9.04
370,Dali,CN,2020-07-13 02:54:25,25.7,100.18,64.9,89,100,moderate rain,2.36,0,1.34
371,Sumenep,ID,2020-07-13 02:54:25,-7.02,113.87,85.19,61,98,overcast clouds,0.0,0,11.63
372,Kataysk,RU,2020-07-13 02:54:25,56.29,62.58,70.18,69,0,clear sky,0.0,0,4.09
373,Te Anau,NZ,2020-07-13 02:54:25,-45.42,167.72,42.87,75,3,clear sky,0.0,0,0.25
374,Bereda,ES,2020-07-13 02:54:25,43.27,-7.54,61.0,81,21,few clouds,0.0,0,11.01
375,Pano Aqil,PK,2020-07-13 02:54:25,27.86,69.11,89.38,59,0,clear sky,0.0,0,13.06
376,Coihaique,CL,2020-07-13 02:54:25,-45.58,-72.07,32.0,95,20,few clouds,0.0,0,4.7
377,San Carlos De Bariloche,AR,2020-07-13 02:54:25,-41.15,-71.31,28.4,63,41,scattered clouds,0.0,0,4.7
378,Palmer,US,2020-07-13 02:50:04,42.16,-72.33,75.99,78,75,broken clouds,0.0,0,2.37
379,Beauchamps,FR,2020-07-13 02:54:26,50.01,1.52,46.99,82,45,scattered clouds,0.0,0,3.02
380,Mazara Del Vallo,IT,2020-07-13 02:54:26,37.66,12.59,73.0,83,0,clear sky,0.0,0,5.82
381,Zamora,EC,2020-07-13 02:54:26,-4.07,-78.96,66.38,73,56,broken clouds,0.0,0,0.58
382,Huarmey,PE,2020-07-13 02:54:26,-10.07,-78.15,62.01,83,16,few clouds,0.0,0,6.06
383,Abu Dhabi,AE,2020-07-13 02:52:34,24.47,54.37,96.8,44,15,few clouds,0.0,0,5.82
384,Wanning,CN,2020-07-13 02:54:26,18.8,110.4,88.45,67,11,few clouds,0.0,0,11.32
385,Fort Nelson,CA,2020-07-13 02:54:26,58.81,-122.7,68.0,45,75,broken clouds,0.0,0,8.05
386,Vodnyy,RU,2020-07-13 02:54:26,63.5,53.41,57.85,78,98,overcast clouds,0.0,0,8.01
387,Cabedelo,BR,2020-07-13 02:54:26,-6.98,-34.83,75.33,78,0,clear sky,0.0,0,11.01
388,Inta,RU,2020-07-13 02:54:27,66.03,60.17,50.94,88,100,overcast clouds,0.0,0,18.07
389,Krasnaya Gorka,RU,2020-07-13 02:54:27,55.2,56.67,68.22,77,0,clear sky,0.0,0,1.61
390,Korsakov,RU,2020-07-13 02:54:27,46.63,142.78,60.8,82,75,broken clouds,0.0,0,11.18
391,Airai,TL,2020-07-13 02:54:27,-8.93,125.41,69.96,67,100,overcast clouds,0.0,0,6.17
392,Stornoway,GB,2020-07-13 02:54:27,58.21,-6.39,55.4,93,92,overcast clouds,0.0,0,13.87
393,Nome,US,2020-07-13 02:54:27,64.5,-165.41,70.0,55,1,clear sky,0.0,0,20.8
394,Port Blair,IN,2020-07-13 02:50:43,11.67,92.75,84.24,75,100,overcast clouds,0.0,0,14.14
395,Birin,NP,2020-07-13 02:54:27,26.89,88.07,78.8,94,90,overcast clouds,0.0,0,3.36
396,Severnoye,RU,2020-07-13 02:54:27,56.35,78.36,63.73,75,30,scattered clouds,0.0,0,9.95
397,Mabaruma,GY,2020-07-13 02:54:27,8.2,-59.78,74.21,98,27,scattered clouds,0.0,0,2.04
398,Shingu,JP,2020-07-13 02:54:27,33.73,135.98,75.2,78,75,broken clouds,0.0,0,2.24
399,Menongue,AO,2020-07-13 02:54:27,-14.66,17.69,46.04,53,0,clear sky,0.0,0,4.88
400,Yashkul,RU,2020-07-13 02:54:28,46.17,45.34,83.64,38,100,overcast clouds,0.0,0,9.28
401,Sur,OM,2020-07-13 02:54:28,22.57,59.53,87.04,64,41,scattered clouds,0.0,0,7.87
402,Gambela,ET,2020-07-13 02:54:28,8.25,34.58,69.06,89,99,overcast clouds,0.0,0,1.32
403,Jining,CN,2020-07-13 02:54:28,35.41,116.58,76.55,71,91,overcast clouds,0.0,0,9.78
404,Victoria,HK,2020-07-13 02:54:13,22.29,114.16,90.0,66,9,clear sky,0.0,0,8.01
405,Naze,JP,2020-07-13 02:54:28,28.37,129.48,87.8,79,75,broken clouds,0.0,0,10.29
406,Muravlenko,RU,2020-07-13 02:54:28,63.79,74.52,64.4,71,77,light rain,0.16,0,19.75
407,Stromness,GB,2020-07-13 02:54:28,58.97,-3.3,54.0,98,100,overcast clouds,0.0,0,8.01
408,Annau,TM,2020-07-13 02:54:28,37.89,58.52,84.2,42,75,broken clouds,0.0,0,9.17
409,Channel-Port Aux Basques,CA,2020-07-13 02:54:28,47.57,-59.14,62.35,95,85,overcast clouds,0.0,0,13.6
410,Caucaia,BR,2020-07-13 02:54:29,-3.74,-38.65,79.0,78,20,few clouds,0.0,0,10.29
411,Oussouye,SN,2020-07-13 02:54:29,12.48,-16.55,77.0,100,75,broken clouds,0.0,0,2.24
412,Kindu,CD,2020-07-13 02:54:29,-2.95,25.95,70.68,94,81,broken clouds,0.0,0,2.42
413,Anadyr,RU,2020-07-13 02:54:29,64.75,177.48,53.6,87,40,scattered clouds,0.0,0,11.18
414,Cap Malheureux,MU,2020-07-13 02:54:29,-19.98,57.61,70.0,80,1,light rain,0.3,0,7.0
415,Maumere,ID,2020-07-13 02:54:29,-8.62,122.21,83.79,59,97,overcast clouds,0.0,0,4.79
416,Bure,ET,2020-07-13 02:54:29,10.7,37.07,55.69,97,100,moderate rain,2.94,0,6.4
417,Alofi,NU,2020-07-13 02:54:29,-19.06,-169.92,75.2,78,29,light rain,0.28,0,21.92
418,Caconda,AO,2020-07-13 02:54:29,-13.73,15.07,48.04,52,0,clear sky,0.0,0,2.64
419,Ulladulla,AU,2020-07-13 02:54:29,-35.35,150.47,59.0,67,75,broken clouds,0.0,0,5.82
420,Rudnyy,KZ,2020-07-13 02:54:30,52.96,63.12,71.6,60,0,clear sky,0.0,0,4.47
421,Mogadishu,SO,2020-07-13 02:54:30,2.04,45.34,77.43,85,58,light rain,0.25,0,17.05
422,Ushtobe,KZ,2020-07-13 02:54:30,45.25,77.98,80.56,26,0,clear sky,0.0,0,10.49
423,Mahon,ES,2020-07-13 02:54:30,39.89,4.27,73.4,69,78,broken clouds,0.0,0,8.05
424,Los Llanos De Aridane,ES,2020-07-13 02:54:30,28.66,-17.92,72.0,77,75,broken clouds,0.0,0,11.41
425,Putyatino,RU,2020-07-13 02:54:30,54.16,41.12,63.72,85,0,clear sky,0.0,0,4.92
426,Jos,NG,2020-07-13 02:54:30,9.92,8.9,63.57,98,87,light rain,0.27,0,3.94
427,Labuan,MY,2020-07-13 02:54:30,5.28,115.24,86.0,79,20,few clouds,0.0,0,4.7
428,Mayumba,GA,2020-07-13 02:54:30,-3.43,10.66,71.26,90,100,overcast clouds,0.0,0,5.21
429,Urubicha,BO,2020-07-13 02:54:30,-15.38,-62.95,72.68,70,76,broken clouds,0.0,0,2.1
430,Tebingtinggi,ID,2020-07-13 02:54:30,3.33,99.16,74.35,95,100,light rain,0.34,0,3.83
431,Homer,US,2020-07-13 02:54:31,59.64,-151.55,59.0,58,75,broken clouds,0.0,0,14.99
432,Palmerston,AU,2020-07-13 02:54:31,-12.49,130.98,82.99,15,7,clear sky,0.0,0,13.87
433,Colac,AU,2020-07-13 02:54:31,-38.33,143.58,57.99,92,37,scattered clouds,0.0,0,4.0
434,Jipapad,PH,2020-07-13 02:54:31,12.29,125.24,90.01,56,100,light rain,0.31,0,3.18
435,Inuvik,CA,2020-07-13 02:54:31,68.35,-133.72,59.0,58,90,overcast clouds,0.0,0,5.91
436,Kruisfontein,ZA,2020-07-13 02:54:31,-34.0,24.73,52.27,41,0,clear sky,0.0,0,5.82
437,Thunder Bay,CA,2020-07-13 02:54:31,48.4,-89.32,66.2,77,20,few clouds,0.0,0,4.7
438,Mus,TR,2020-07-13 02:54:31,39.0,41.75,62.6,77,75,broken clouds,0.0,0,3.36
439,Villarrica,PY,2020-07-13 02:54:31,-25.75,-56.43,63.07,95,10,clear sky,0.0,0,4.05
440,Isabela,PH,2020-07-13 02:54:31,6.71,121.97,86.0,74,40,scattered clouds,0.0,0,4.7
441,Pirajui,BR,2020-07-13 02:51:30,-22.0,-49.46,71.01,61,0,clear sky,0.0,0,3.0
442,Tabou,CI,2020-07-13 02:54:32,4.42,-7.35,75.42,76,94,overcast clouds,0.0,0,4.94
443,Dunedin,NZ,2020-07-13 02:54:32,-45.87,170.5,48.99,64,9,clear sky,0.0,0,7.0
444,Seymchan,RU,2020-07-13 02:54:32,62.88,152.43,80.58,33,84,broken clouds,0.0,0,3.85
445,Mount Gambier,AU,2020-07-13 02:54:32,-37.83,140.77,57.2,82,40,scattered clouds,0.0,0,6.93
446,Marawi,PH,2020-07-13 02:54:32,8.0,124.29,84.0,77,95,light rain,0.45,0,5.99
447,Matara,LK,2020-07-13 02:54:32,5.95,80.54,82.54,79,100,overcast clouds,0.0,0,10.02
448,Rio Grande,BR,2020-07-13 02:54:32,-32.03,-52.1,46.99,90,95,overcast clouds,0.0,0,14.99
449,Ambulu,ID,2020-07-13 02:54:32,-8.35,113.61,82.72,67,96,overcast clouds,0.0,0,3.74
450,Bandrele,YT,2020-07-13 02:54:33,-12.91,45.19,77.0,78,75,broken clouds,0.0,0,19.46
451,Namatanai,PG,2020-07-13 02:54:33,-3.67,152.43,83.62,70,99,light rain,0.18,0,2.51
452,Digha,IN,2020-07-13 02:54:33,21.68,87.55,87.84,72,100,moderate rain,1.25,0,7.49
453,Robstown,US,2020-07-13 02:54:33,27.79,-97.67,82.99,88,75,broken clouds,0.0,0,9.17
454,Roald,NO,2020-07-13 02:54:33,62.58,6.13,50.0,87,51,broken clouds,0.0,0,5.82
455,Alta Floresta,BR,2020-07-13 02:54:33,-9.88,-56.09,71.49,59,6,clear sky,0.0,0,0.94
456,Odweyne,SO,2020-07-13 02:54:33,9.41,45.06,71.42,63,89,overcast clouds,0.0,0,21.52
457,Vityazevo,RU,2020-07-13 02:54:33,44.99,37.27,69.8,83,40,thunderstorm with light rain,0.0,0,4.47
458,Gamba,GA,2020-07-13 02:54:06,-2.65,10.0,71.26,91,100,overcast clouds,0.0,0,6.71
459,Oranjemund,NA,2020-07-13 02:54:33,-28.55,16.43,55.6,74,52,broken clouds,0.0,0,16.37
460,Vesoul,FR,2020-07-13 02:54:33,47.58,5.83,53.01,93,62,broken clouds,0.0,0,6.93
461,Bay Roberts,CA,2020-07-13 02:54:34,47.6,-53.26,60.01,1,100,overcast clouds,0.0,0,13.98
462,Chokwe,MZ,2020-07-13 02:53:47,-24.53,32.98,52.52,90,0,clear sky,0.0,0,4.16
463,Halifax,CA,2020-07-13 02:53:15,44.65,-63.57,66.0,81,0,clear sky,0.0,0,12.08
464,Koroni,GR,2020-07-13 02:54:34,36.8,21.95,77.0,82,20,few clouds,0.0,0,4.12
465,Japura,ID,2020-07-13 02:54:34,-0.32,102.35,76.98,91,100,overcast clouds,0.0,0,3.33
466,Henderson,US,2020-07-13 02:51:08,36.04,-114.98,109.99,8,1,clear sky,0.0,0,13.87
467,Bjornevatn,NO,2020-07-13 02:54:34,69.67,29.98,44.6,87,17,few clouds,0.0,0,3.36
468,Bilma,NE,2020-07-13 02:54:34,18.69,12.92,87.17,39,72,broken clouds,0.0,0,5.75
469,Kotelnich,RU,2020-07-13 02:54:34,58.31,48.35,65.14,94,4,clear sky,0.0,0,4.7
470,Corner Brook,CA,2020-07-13 02:51:31,48.97,-57.95,68.0,88,75,broken clouds,0.0,0,2.24
471,Demba,CD,2020-07-13 02:54:34,-5.51,22.27,65.8,94,11,few clouds,0.0,0,1.57
472,Marica,BR,2020-07-13 02:54:34,-22.92,-42.82,75.2,73,97,overcast clouds,0.0,0,6.93
473,Deputatskiy,RU,2020-07-13 02:54:35,69.3,139.9,74.16,41,82,broken clouds,0.0,0,7.29
474,Plattsburgh,US,2020-07-13 02:54:09,44.7,-73.45,68.0,88,1,clear sky,0.0,0,6.93
475,Perehonivka,UA,2020-07-13 02:54:35,48.54,30.52,57.2,84,100,overcast clouds,0.0,0,15.7
476,Cabano,PH,2020-07-13 02:54:35,10.59,122.7,85.05,72,58,broken clouds,0.0,0,7.78
477,Ban Nahin,LA,2020-07-13 02:54:35,18.24,104.21,84.27,79,38,moderate rain,2.31,0,2.66
478,Si Sa Ket,TH,2020-07-13 02:54:35,15.11,104.33,88.0,69,96,overcast clouds,0.0,0,7.61
479,Malibu,US,2020-07-13 02:54:35,34.01,-118.81,79.0,88,0,clear sky,0.0,0,5.01
480,Palauig,PH,2020-07-13 02:54:35,15.44,119.9,82.29,74,100,overcast clouds,0.0,0,1.12
481,Kralendijk,BQ,2020-07-13 02:54:35,12.15,-68.27,82.4,83,0,clear sky,0.0,0,11.41
482,Szczecinek,PL,2020-07-13 02:54:35,53.71,16.7,55.0,85,31,scattered clouds,0.0,0,5.01
483,Ratnagiri,IN,2020-07-13 02:54:36,16.98,73.3,82.36,77,70,light rain,0.95,0,5.39
484,Goderich,CA,2020-07-13 02:54:36,43.75,-81.72,70.0,75,11,few clouds,0.0,0,1.99
485,Olafsvik,IS,2020-07-13 02:54:36,64.89,-23.71,50.79,80,90,overcast clouds,0.0,0,2.46
486,Faanui,PF,2020-07-13 02:54:36,-16.48,-151.75,78.64,77,100,overcast clouds,0.0,0,13.27
487,Brownwood,US,2020-07-13 02:54:36,31.71,-98.99,93.2,32,1,clear sky,0.0,0,8.05
488,Muisne,EC,2020-07-13 02:54:36,0.6,-80.03,75.81,91,98,light rain,0.32,0,11.61
489,Malyn,UA,2020-07-13 02:54:36,50.77,29.24,53.6,100,100,light rain,0.0,0,11.18
490,Bandarbeyla,SO,2020-07-13 02:54:36,9.49,50.81,82.2,63,45,scattered clouds,0.0,0,26.33
491,Nagod,IN,2020-07-13 02:54:36,24.57,80.6,87.33,63,97,light rain,0.34,0,12.28
492,Chumikan,RU,2020-07-13 02:54:36,54.72,135.31,58.59,77,39,scattered clouds,0.0,0,10.18
493,Bathurst,AU,2020-07-13 02:51:10,-33.42,149.58,50.0,72,4,light rain,0.49,0,4.88
494,Tomigusuku,JP,2020-07-13 02:54:37,26.18,127.67,89.6,79,75,broken clouds,0.0,0,11.41
495,Vila Franca Do Campo,PT,2020-07-13 02:54:37,37.72,-25.43,66.2,77,40,scattered clouds,0.0,0,3.36
496,Westport,US,2020-07-13 02:52:59,41.14,-73.36,78.8,78,1,clear sky,0.0,0,4.7
497,Sisimiut,GL,2020-07-13 02:54:37,66.94,-53.67,47.75,69,42,scattered clouds,0.0,0,12.84
498,Prince Rupert,CA,2020-07-13 02:54:37,54.32,-130.32,59.0,77,1,clear sky,0.0,0,4.7
499,Beatrice,US,2020-07-13 02:54:37,40.27,-96.75,75.2,73,1,clear sky,0.0,0,4.7
500,Komsomolskiy,UZ,2020-07-13 02:54:37,40.43,71.72,80.6,34,61,broken clouds,0.0,0,4.7
501,Miandrivazo,MG,2020-07-13 02:54:37,-19.52,45.47,65.79,72,0,clear sky,0.0,0,1.54
502,Lokoja,NG,2020-07-13 02:54:05,7.8,6.74,72.39,95,100,overcast clouds,0.0,0,4.41
503,Awjilah,LY,2020-07-13 02:54:38,29.11,21.29,70.75,64,0,clear sky,0.0,0,8.93
504,Mecca,SA,2020-07-13 02:54:02,21.43,39.83,77.59,37,69,broken clouds,0.0,0,3.0
505,Blois,FR,2020-07-13 02:54:38,47.58,1.33,59.0,62,0,clear sky,0.0,0,3.36
506,Portland,US,2020-07-13 02:49:48,45.52,-122.68,73.4,40,20,few clouds,0.0,0,11.41
507,Jalpan,MX,2020-07-13 02:54:38,21.23,-99.48,73.17,71,92,light rain,0.17,0,1.23
508,Rock Sound,BS,2020-07-13 02:54:38,24.9,-76.2,83.35,80,100,overcast clouds,0.0,0,15.41
509,Saint-Francois,FR,2020-07-13 02:54:38,46.42,3.91,50.0,81,11,few clouds,0.0,0,1.12
510,Qurbus,TN,2020-07-13 02:54:38,36.82,10.57,73.4,83,0,clear sky,0.0,0,2.55
511,Wanaka,NZ,2020-07-13 02:50:04,-44.7,169.15,40.89,70,7,clear sky,0.0,0,0.4
512,Strzelce Krajenskie,PL,2020-07-13 02:52:07,52.88,15.53,49.32,92,3,clear sky,0.0,0,5.93
513,Kristiinankaupunki,FI,2020-07-13 02:54:39,62.27,21.38,55.51,75,22,light rain,0.21,0,9.66
514,Kibaha,TZ,2020-07-13 02:54:39,-6.77,38.92,64.92,99,3,clear sky,0.0,0,4.63
515,Kango,GA,2020-07-13 02:54:39,0.19,10.1,72.81,94,99,light rain,0.17,0,1.48
516,Pochutla,MX,2020-07-13 02:54:39,15.74,-96.47,81.0,83,96,overcast clouds,0.0,0,3.13
517,Sao Filipe,CV,2020-07-13 02:54:39,14.9,-24.5,74.97,80,98,overcast clouds,0.0,0,1.19
518,Leiyang,CN,2020-07-13 02:54:39,26.4,112.86,93.29,52,90,overcast clouds,0.0,0,6.26
519,Borovoy,RU,2020-07-13 02:54:39,55.43,86.08,69.8,88,0,clear sky,0.0,0,2.24
520,Lodja,CD,2020-07-13 02:54:39,-3.48,23.43,70.97,93,31,scattered clouds,0.0,0,1.86
521,Constitucion,CL,2020-07-13 02:54:40,-35.33,-72.42,52.38,85,100,overcast clouds,0.0,0,4.41
522,Escanaba,US,2020-07-13 02:50:59,45.75,-87.06,64.4,68,1,clear sky,0.0,0,3.36
523,Aykhal,RU,2020-07-13 02:54:40,66.0,111.5,68.0,45,0,clear sky,0.0,0,8.95
524,Mugan,CN,2020-07-13 02:54:40,35.94,101.38,69.75,48,100,overcast clouds,0.0,0,4.16
525,Juneau,US,2020-07-13 02:54:40,58.3,-134.42,53.6,93,90,light rain,0.0,0,9.17
526,Soma,TR,2020-07-13 02:54:40,39.19,27.61,77.0,88,0,clear sky,0.0,0,10.56
527,Lakatoro,VU,2020-07-13 02:54:40,-16.1,167.42,82.4,74,40,scattered clouds,0.0,0,9.17
528,Olga,RU,2020-07-13 02:54:40,43.74,135.29,69.53,63,3,clear sky,0.0,0,6.06
529,Nenton,GT,2020-07-13 02:54:40,15.8,-91.75,67.37,68,1,clear sky,0.0,0,5.75
530,Alyangula,AU,2020-07-13 02:54:41,-13.85,136.42,75.2,50,40,scattered clouds,0.0,0,13.87
531,Moose Factory,CA,2020-07-13 02:54:41,51.26,-80.61,55.4,82,75,broken clouds,0.0,0,9.17
532,Ust-Nera,RU,2020-07-13 02:54:41,64.57,143.2,75.09,48,93,overcast clouds,0.0,0,8.23
533,Maldonado,UY,2020-07-13 02:49:42,-34.67,-54.92,50.0,61,13,few clouds,0.0,0,17.22
534,Cortez,US,2020-07-13 02:54:41,37.35,-108.59,91.4,15,1,clear sky,0.0,0,10.29
535,Ewa Beach,US,2020-07-13 02:54:07,21.32,-158.01,86.0,51,40,scattered clouds,0.0,0,9.17
536,Phan Thiet,VN,2020-07-13 02:51:03,10.93,108.1,86.02,66,40,scattered clouds,0.0,0,3.94
537,Bathsheba,BB,2020-07-13 02:54:41,13.22,-59.52,82.4,78,40,scattered clouds,0.0,0,13.87
538,Coahuayana,MX,2020-07-13 02:54:41,18.73,-103.68,79.75,82,100,overcast clouds,0.0,0,1.83
539,Neuquen,AR,2020-07-13 02:54:41,-38.95,-68.06,42.8,45,100,overcast clouds,0.0,0,4.7
540,Shushenskoye,RU,2020-07-13 02:54:41,53.33,91.94,66.2,72,98,overcast clouds,0.0,0,2.24
541,Strelka,RU,2020-07-13 02:54:41,58.07,93.03,73.2,48,3,clear sky,0.0,0,5.01
542,Basco,PH,2020-07-13 02:54:42,20.45,121.97,84.9,79,27,moderate rain,1.2,0,14.14
543,Ipixuna,BR,2020-07-13 02:54:42,-1.76,-48.8,78.8,88,61,broken clouds,0.0,0,8.05
544,Karaikkudi,IN,2020-07-13 02:54:42,10.07,78.78,84.47,63,100,overcast clouds,0.0,0,3.04
545,Trat,TH,2020-07-13 02:54:42,12.5,102.5,80.6,88,40,scattered clouds,0.0,0,4.34
546,San Marco In Lamis,IT,2020-07-13 02:54:42,41.71,15.64,69.8,68,5,clear sky,0.0,0,12.75
547,Skibbereen,IE,2020-07-13 02:54:42,51.55,-9.27,57.2,100,90,mist,0.0,0,12.75
548,Cayenne,GF,2020-07-13 02:54:42,4.93,-52.33,75.2,100,20,few clouds,0.0,0,6.55
549,Athens,GR,2020-07-13 02:54:27,37.98,23.72,78.8,44,0,clear sky,0.0,0,8.05
550,Verkhoyansk,RU,2020-07-13 02:54:42,67.54,133.38,81.93,45,13,few clouds,0.0,0,7.34
551,Saint-Louis,SN,2020-07-13 02:54:42,16.33,-15.0,82.99,68,36,scattered clouds,0.0,0,7.65
552,Tahta,EG,2020-07-13 02:54:42,26.77,31.5,80.6,32,0,clear sky,0.0,0,12.75
553,Shimoda,JP,2020-07-13 02:54:42,34.67,138.95,71.6,83,75,broken clouds,0.0,0,9.17
554,Ciudad Bolivar,VE,2020-07-13 02:54:43,8.12,-63.55,78.03,82,31,light rain,0.46,0,8.08
